"scenario","delta1","delta2","n","N","p","K","class_entropy","class_min","class_max","pve_pc1","pve_pc2","pve_cum_k","VF_trace","VY_trace","r_theorique","mean_abs_corr_eta_Z"
"S1",1,1,300,60,20,3,1.09861228866811,100,100,0.623919734763419,0.217692832126737,0.974735631920075,130.524250635329,20,6.52621253176645,0.261155879103097
"S2",1,0.5,300,60,20,3,1.09861228866811,100,100,0.623919734763419,0.217692832126737,0.974735631920075,130.524250635329,20,6.52621253176644,0.250743405051314
"S3",0.5,1,300,60,20,3,1.09861228866811,100,100,0.399428852073897,0.351059622897234,0.959921566343196,72.3567360862918,20,3.61783680431459,0.24723738345129
"S4",0.5,0.5,300,60,20,3,1.09861228866811,100,100,0.399428852073897,0.351059622897234,0.959921566343196,72.3567360862918,20,3.61783680431459,0.233405799919189
